company_name,industry,contact_url
株式会社宣伝会議,コンサルティング/専門サービス系,https://www.sendenkaigi.com/inquiry/
エムスリーキャリア株式会社,マスコミ/広告/デザイン/ゲーム/エンターテイメント系,https://www.m3career.com/contact/
日本マイクロソフト株式会社,人材,https://partner.microsoft.com/ja-jp/support/call-center
ポリゴンマジック株式会社,ソフトウェア/ハードウェア開発,https://www.polygonmagic.com/contact/
株式会社バスキュール,WEB・インターネット,https://www.creativevillage.ne.jp/945
株式会社電通国際情報サービス,WEB・インターネット,https://www.isid.co.jp/contact/
ソフトバンク株式会社,システムインテグレータ,https://www.softbank.jp/mobile/support/contact/
株式会社一休,サービス/外食/レジャー系,https://www.ikyu.co.jp/inquiry/
株式会社Speee,WEB・インターネット,https://speee.jp/about/office/
株式会社QLife,ソフトウェア/ハードウェア開発,https://www.qlife.co.jp/inquiry
株式会社ＱＬｉｆｅ,ソフトウェア/ハードウェア開発,https://www.qlife.co.jp/inquiry
Fringe81株式会社,WEB・インターネット,https://www.fringe81.com/ir/contact/
株式会社ラクシーズ,WEB・インターネット,https://luxeys.co.jp/contact/?lang=ja
日本タタ・コンサルタンシー・サービシズ株式会社,ソフトウェア/ハードウェア開発,https://www.tcs.com/jp-ja/ContactUs
日本電気株式会社,総合電機,https://jpn.nec.com/contactus/index.html
テクマトリックス株式会社,ソフトウェア/ハードウェア開発,https://www.techmatrix.co.jp/contact.html
株式会社ビーワークス,コンサルティング/専門サービス系,https://beeworks.co.jp/contact/
株式会社エウレカ,WEB・インターネット,https://eure.jp/contact/
株式会社ゼンリンデータコム,ソフトウェア/ハードウェア開発,http://www.zenrin-datacom.net/contact
イーソリューションズ株式会社,コンサルティング/専門サービス系,http://www.e-solutions.co.jp/inquiry
株式会社ナビタイムジャパン,ソフトウェア/ハードウェア開発,https://corporate.navitime.co.jp/contact/index.html
グリー株式会社,WEB・インターネット,https://corp.gree.net/jp/ja/contact/
株式会社キャリアデザインセンター,人材,https://cdc.type.jp/info/contact.html
株式会社NIコンサルティング,ソフトウェア/ハードウェア開発,https://www.ni-consul.co.jp/contact/inquiry.html
式会社コスモ,不動産/建設/設備系,https://com.cosmo-oil.co.jp/contact/index.html
株式会社ダイダロス,不動産/建設/設備系,https://www.amgakuin.co.jp/contents/p=27516
株式会社SHIFT,システムインテグレータ,https://www.shiftinc.jp/contact/
シアトルコンサルティング株式会社,ソフトウェア/ハードウェア開発,https://www.seattleconsulting.co.jp/contact/
株式会社メイテック,人材,https://www.meitec.co.jp/sp/contact/index.html
株式会社gloops,WEB・インターネット,https://gloops.com/contact/
エムスリー株式会社,WEB・インターネット,https://www.m3.com/inquiry/corporate/index.jsp
株式会社テクノインフィニタス,ソフトウェア/ハードウェア開発,https://houjin.j-bdb.com/50104010185939999
クルーズ株式会社,運輸/交通/物流/倉庫系,https://crooz.co.jp/contact-form
株式会社スパイク・チュンソフト,ソフトウェア/ハードウェア開発,https://www.spike-chunsoft.co.jp/support/
JBSテクノロジー株式会社,サービス/外食/レジャー系,https://www.jbs.co.jp/information/2016/0701
株式会社テコテック,ソフトウェア/ハードウェア開発,https://www.tecotec.co.jp/contact/
太陽企画株式会社,マスコミ/広告/デザイン/ゲーム/エンターテイメント系,http://www.taiyokikaku.com/policy/
弁護士ドットコム株式会社,WEB・インターネット,https://corporate.bengo4.com/contact/
株式会社ウエディングパーク,マスコミ/広告/デザイン/ゲーム/エンターテイメント系,https://www.weddingpark.co.jp/contact
株式会社エニグモ,サービス/外食/レジャー系,https://enigmo.co.jp/contact-list/
ＨＥＲＯＺ株式会社,ソフトウェア/ハードウェア開発,https://heroz.co.jp/contact/service/
NHN　テコラス株式会社,ソフトウェア/ハードウェア開発,https://nhn-techorus.com/inquiry/
株式会社テクノプロ,ソフトウェア/ハードウェア開発,https://www.technoproholdings.com/contact/
コムテック株式会社,ソフトウェア/ハードウェア開発,https://www.e-comtec.co.jp/0_etc/support/support.html
株式会社いい生活,ソフトウェア/ハードウェア開発,https://www.e-seikatsu.info/ask/aboutinquiry/
日本ベクトン・ディッキンソン株式会社,メーカー/製造系,https://www.bdj.co.jp/contact/
株式会社システナ,ソフトウェア/ハードウェア開発,https://www.systena.co.jp/contact/
株式会社スカイウイル,ソフトウェア/ハードウェア開発,https://www.skywill.jp/contact/
日本コンピュータシステム株式会社,ソフトウェア/ハードウェア開発,https://www.ncsx.co.jp/contact/
KLab株式会社,WEB・インターネット,https://www.klab.com/jp/ask/
株式会社アイル,専門商社,https://www.ill.co.jp/contact/
株式会社エムトラッド,人材,https://mtrad.co.jp/contact/
株式会社ソリューションジャパン,ソフトウェア/ハードウェア開発,http://www.solution-japan.co.jp/
ネットマーブルジャパン株式会社,WEB・インターネット,https://www.netmarble.co.jp/
グローバルセキュリティエキスパート株式会社,コンサルティング/専門サービス系,https://www.gsx.co.jp/
株式会社インフォマート,WEB・インターネット,https://www.infomart.co.jp/corporate/contact_im.asp
株式会社グローバルウェイ,ソフトウェア/ハードウェア開発,https://www.globalway.co.jp/contact-2/
株式会社テクノモバイル,ソフトウェア/ハードウェア開発,https://www.tcmobile.jp/contact/
株式会社テレビ朝日メディアプレックス,サービス/外食/レジャー系,https://www.mediaplex.co.jp/
株式会社ブレインパッド,ソフトウェア/ハードウェア開発,http://www.brainpad.co.jp/contact/
SBクリエイティブ株式会社,マスコミ/広告/デザイン/ゲーム/エンターテイメント系,https://www.softbankcr.co.jp/ja/contact/
ナレッジスイート株式会社,ソフトウェア/ハードウェア開発,https://ksj.co.jp/form/ir/
ソースネクスト株式会社,ソフトウェア/ハードウェア開発,https://sourcenext.co.jp/contact/
株式会社スカイアーチネットワークス,WEB・インターネット,https://www.skyarch.net/contact/
メディアジョイント株式会社,ソフトウェア/ハードウェア開発,http://www.mediajoint.co.jp/privacy/
株式会社駅探,ソフトウェア/ハードウェア開発,https://ekitan.com/sp/business/biz/
株式会社Ｊストリーム,IT/通信/インターネット系,https://support.eq.stream.co.jp/hc/ja/articles/115007798747-%E3%81%8A%E5%95%8F%E3%81%84%E5%90%88%E3%82%8F%E3%81%9B%E7%AA%93%E5%8F%A3
プライムソリューションズ株式会社,ソフトウェア/ハードウェア開発,http://www.psol.co.jp/inquiry/index.html
株式会社クエスト,ソフトウェア/ハードウェア開発,https://www.quest-pure.com/contact.htm
株式会社a2media,マスコミ/広告/デザイン/ゲーム/エンターテイメント系,https://www.a2media.co.jp/contact/
モーニングスター株式会社,ソフトウェア/ハードウェア開発,https://www.morningstar.co.jp/company/askme.html
株式会社アドフレックス・コミュニケーションズ,マスコミ/広告/デザイン/ゲーム/エンターテイメント系,https://www.ad-flex.com/
株式会社キラリト,コンサルティング/専門サービス系,http://www.kirarito.co.jp/
株式会社ランドコンピュータ,ソフトウェア/ハードウェア開発,https://www.rand.co.jp/inquiry
インヴァスト証券株式会社,証券・投資銀行,
株式会社あつまる,マスコミ/広告/デザイン/ゲーム/エンターテイメント系,
株式会社メディア工房,サービス/外食/レジャー系,
エーソル株式会社,ソフトウェア/ハードウェア開発,
テクバン株式会社,システムインテグレータ,
SBI損害保険株式会社,生命保険・損害保険,
株式会社PR TIMES,ソフトウェア/ハードウェア開発,
株式会社エヌゼットケイ,専門商社,
株式会社エー・エス・エル,ソフトウェア/ハードウェア開発,
株式会社ソフトビジョン,ソフトウェア/ハードウェア開発,
ＳＢＩ損害保険株式会社,生命保険・損害保険,
日本技術貿易株式会社,コンサルティング/専門サービス系,
株式会社SHT,人材,
ジーエフ株式会社,運輸/交通/物流/倉庫系,
鈴与シンワート株式会社,ソフトウェア/ハードウェア開発,
HEROZ株式会社,ソフトウェア/ハードウェア開発,
株式会社イーリバースドットコム,ソフトウェア/ハードウェア開発,
株式会社ウフル,サービス/外食/レジャー系,
株式会社ラボテック,ソフトウェア/ハードウェア開発,
株式会社小糸製作所,総合電機,
バーチャレクス・コンサルティング株式会社,サービス/外食/レジャー系,
株式会社ビーグリー,ソフトウェア/ハードウェア開発,
株式会社ディーバ,ソフトウェア/ハードウェア開発,
ＪＢＳテクノロジー株式会社,サービス/外食/レジャー系,
株式会社ＤＭＭ．ｃｏｍラボ,WEB・インターネット,
株式会社バタフライ,ソフトウェア/ハードウェア開発,
Exys株式会社,ソフトウェア/ハードウェア開発,
エイチアールワン株式会社,ソフトウェア/ハードウェア開発,
株式会社Eストアー,サービス/外食/レジャー系,
株式会社マネースクウェアHD,コンサルティング/専門サービス系,
株式会社マネースクウェアＨＤ,コンサルティング/専門サービス系,
Rejet株式会社,ソフトウェア/ハードウェア開発,
ニューソン株式会社,ソフトウェア/ハードウェア開発,
株式会社関電工,設備・プラント,
アルテリア・ネットワークス株式会社,IT/通信/インターネット系,
株式会社ライドオン・エクスプレス,コンサルティング/専門サービス系,
さくら情報システム株式会社,ソフトウェア/ハードウェア開発,
三菱自動車工業株式会社,自動車・運輸・輸送機器,
株式会社アバント,コンサルティング/専門サービス系,
ＤＯＴワールド株式会社,医療・医薬,
ＵＵＵＭ株式会社,ソフトウェア/ハードウェア開発,
エヌ・シー・ジャパン株式会社,マスコミ/広告/デザイン/ゲーム/エンターテイメント系,
株式会社アイフラッグ,ソフトウェア/ハードウェア開発,
株式会社オウチーノ,ソフトウェア/ハードウェア開発,
株式会社VSN,人材,
株式会社ＶＳＮ,人材,
株式会社ソラスト,医療・福祉・介護,
INTLOOP株式会社,コンサルティング/専門サービス系,
アルヒ株式会社,リース・クレジット・信販,
アンドモワ株式会社,コンサルティング/専門サービス系,
インフィニティコミュニケーション株式会社,ソフトウェア/ハードウェア開発,
シンプレクス株式会社,コンサルティング/専門サービス系,
スマート・スケープ株式会社,ソフトウェア/ハードウェア開発,
ソフトバンクロボティクス株式会社,メーカー/製造系,
トークノート株式会社,ソフトウェア/ハードウェア開発,
ハウスプラス住宅保証株式会社,コンサルティング/専門サービス系,
ポートヘフナー株式会社,ソフトウェア/ハードウェア開発,
丸紅OKIネットソリューションズ株式会社,ソフトウェア/ハードウェア開発,
日通情報システム株式会社,ソフトウェア/ハードウェア開発,
株式会社 エスキュービズム,ソフトウェア/ハードウェア開発,
株式会社Act9,ソフトウェア/ハードウェア開発,
株式会社EVERRISE,ソフトウェア/ハードウェア開発,
株式会社Gunosy,マスコミ/広告/デザイン/ゲーム/エンターテイメント系,
株式会社Roseau Pensant,医療・医薬,
株式会社bitFlyer,ソフトウェア/ハードウェア開発,
株式会社ipoca,コンサルティング/専門サービス系,
株式会社アイティ・フォレスト,ソフトウェア/ハードウェア開発,
株式会社アイリッジ,WEB・インターネット,
株式会社アトラエ,WEB・インターネット,
株式会社インサイトシステム,ソフトウェア/ハードウェア開発,
株式会社ウィルズ,コンサルティング/専門サービス系,
株式会社ウイルプラスホールディングス,コンサルティング/専門サービス系,
株式会社エスキュービズム,ソフトウェア/ハードウェア開発,
株式会社カサレアル,ソフトウェア/ハードウェア開発,
株式会社スタンダード通信社,マスコミ/広告/デザイン/ゲーム/エンターテイメント系,
株式会社スパイラルネット,ソフトウェア/ハードウェア開発,
株式会社セグメント,コンサルティング/専門サービス系,
株式会社ティルス,WEB・インターネット,
株式会社ハイフィールズ,ソフトウェア/ハードウェア開発,
株式会社バリューソフトウエア,ソフトウェア/ハードウェア開発,
株式会社ビジネスバンクグループ,コンサルティング/専門サービス系,
株式会社ビッグツリーテクノロジー＆コンサルティング,ソフトウェア/ハードウェア開発,
株式会社フライデーナイト,コンサルティング/専門サービス系,
株式会社マナボ,ソフトウェア/ハードウェア開発,
株式会社マネーフォワード,WEB・インターネット,
株式会社リヴァンプ・アウトソーシング,ソフトウェア/ハードウェア開発,
株式会社ワークスシステムズ,ソフトウェア/ハードウェア開発,
株式会社協同システムエンジニアリング,ソフトウェア/ハードウェア開発,
株式会社流機エンジニアリング,メーカー/製造系,
株式会社電通リテールマーケティング,マスコミ/広告/デザイン/ゲーム/エンターテイメント系,
株式会社Ｕｉ２,ソフトウェア/ハードウェア開発,
株式会社野村総合研究所,アパレル・日用品,
ＳＡＰジャパン株式会社,シンクタンク・リサーチ・マーケティング,
トーマツイノベーション株式会社,ソフトウェア/ハードウェア開発,
ワイジェイFX株式会社,コンサルティング/専門サービス系,
株式会社ウェイブダッシュ,証券・投資銀行,
弥生株式会社,WEB・インターネット,
株式会社リクルートライフスタイル,ソフトウェア/ハードウェア開発,
ライフネット生命保険株式会社,WEB・インターネット,
株式会社ボディーズ,生命保険・損害保険,
株式会社Ｃｕｏｎ,WEB・インターネット,
株式会社インターネットイニシアティブ,システムインテグレータ,
株式会社ヘルスケアシステムズ,医療・福祉・介護,
コニカミノルタ株式会社,メーカー/製造系,
東洋ビジネスエンジニアリング株式会社,ソフトウェア/ハードウェア開発,
株式会社インターファクトリー,ソフトウェア/ハードウェア開発,
株式会社ぐるなび,WEB・インターネット,
株式会社コーソル,ソフトウェア/ハードウェア開発,
ベース株式会社,ソフトウェア/ハードウェア開発,
株式会社ディマージシェア,ソフトウェア/ハードウェア開発,
マガシーク株式会社,WEB・インターネット,
株式会社RJC,ソフトウェア/ハードウェア開発,
株式会社日本経済新聞社,マスコミ/広告/デザイン/ゲーム/エンターテイメント系,
コムソフト株式会社,ソフトウェア/ハードウェア開発,
コムウェア株式会社,ソフトウェア/ハードウェア開発,
株式会社クリーチャーズ,ソフトウェア/ハードウェア開発,
株式会社IDCフロンティア,IT/通信/インターネット系,
株式会社グロービス,教育,
ダイワロイヤル株式会社,不動産/建設/設備系,
ビリングシステム株式会社,サービス/外食/レジャー系,
明豊ファシリティワークス株式会社,不動産/建設/設備系,
株式会社エフ・コード,マスコミ/広告/デザイン/ゲーム/エンターテイメント系,
株式会社イットーソフトウェア,ソフトウェア/ハードウェア開発,
株式会社ＩＩＪエンジニアリング,サービス/外食/レジャー系,
株式会社メディアドゥ,サービス/外食/レジャー系,
株式会社リクルートテクノロジーズ,WEB・インターネット,
株式会社オンラインスクール,WEB・インターネット,
株式会社キューブテック,ソフトウェア/ハードウェア開発,
株式会社ビデオリサーチ,ソフトウェア/ハードウェア開発,
株式会社イーブック　イニシアティブ　ジャパン,WEB・インターネット,
株式会社エスネットワークス,コンサルティング/専門サービス系,
クロスフィニティ株式会社,マスコミ/広告/デザイン/ゲーム/エンターテイメント系,
サイバネットシステム株式会社,ソフトウェア/ハードウェア開発,
株式会社ロックオン,ソフトウェア/ハードウェア開発,
デフィデ株式会社,ソフトウェア/ハードウェア開発,
株式会社アルバイトタイムス,マスコミ/広告/デザイン/ゲーム/エンターテイメント系,
株式会社ジェイエスピー,メーカー/製造系,
NECネッツエスアイ・サービス株式会社,ソフトウェア/ハードウェア開発,
ガンホー・オンライン・エンターテイメント株式会社,ソフトウェア/ハードウェア開発,
株式会社グッドワークス,人材,
株式会社コンシスト,コンサルティング/専門サービス系,
コムシード株式会社,ソフトウェア/ハードウェア開発,
ミラリジャパン株式会社,マスコミ/広告/デザイン/ゲーム/エンターテイメント系,
株式会社ウェブインパクト,ソフトウェア/ハードウェア開発,
株式会社デザインネットワーク,サービス/外食/レジャー系,
株式会社ワイドテック,ソフトウェア/ハードウェア開発,
株式会社エス・アイ・エス,ソフトウェア/ハードウェア開発,
株式会社アイフィスジャパン,サービス/外食/レジャー系,
グローバル・テクノロジー・デザイン株式会社,ソフトウェア/ハードウェア開発,
セコム損害保険株式会社,生命保険・損害保険,
株式会社アソビズム,コンサルティング/専門サービス系,
株式会社ファクトリージャパングループ,医療・医薬,
株式会社スタイルズ,ソフトウェア/ハードウェア開発,
株式会社フューチャ技研,ソフトウェア/ハードウェア開発,
株式会社インターネットイニシアティブ　,システムインテグレータ,
バリオセキュア株式会社,サービス/外食/レジャー系,
ネオス株式会社,サービス/外食/レジャー系,
株式会社グリフィン,ソフトウェア/ハードウェア開発,
株式会社竜巧社ネットウエア,ソフトウェア/ハードウェア開発,
株式会社グローバル・システム・クリエイト,ソフトウェア/ハードウェア開発,
デジタルアーツ株式会社,ソフトウェア/ハードウェア開発,
株式会社クリエイション,ソフトウェア/ハードウェア開発,
株式会社トラストシステム,ソフトウェア/ハードウェア開発,
株式会社日本キャスト,ソフトウェア/ハードウェア開発,
株式会社カービュー,WEB・インターネット,
株式会社ホープネット,人材,
株式会社ソフトウェアサービス,ソフトウェア/ハードウェア開発,
インヴェンティット株式会社,ソフトウェア/ハードウェア開発,
株式会社保健同人社,マスコミ/広告/デザイン/ゲーム/エンターテイメント系,
デンタルシステムズ株式会社,専門商社,
株式会社アウトソーシングテクノロジー,人材,
BizMobile株式会社,ソフトウェア/ハードウェア開発,
アズビル株式会社,コンサルティング/専門サービス系,
イデア・コンサルティング株式会社,コンサルティング/専門サービス系,
インターナップ・ジャパン株式会社,IT/通信/インターネット系,
ウェブスペース株式会社,ソフトウェア/ハードウェア開発,
コンテンツワークス株式会社,マスコミ/広告/デザイン/ゲーム/エンターテイメント系,
ソルフレア株式会社,IT/通信/インターネット系,
ポッピンゲームズジャパン株式会社,ソフトウェア/ハードウェア開発,
ミューズコー株式会社,WEB・インターネット,
ロベルタディカメリーノファーイースト株式会社,マスコミ/広告/デザイン/ゲーム/エンターテイメント系,
株式会社FERNET,ソフトウェア/ハードウェア開発,
株式会社IIJグローバルソリューションズ,コンサルティング/専門サービス系,
株式会社JX通信社,WEB・インターネット,
株式会社Lysis,ソフトウェア/ハードウェア開発,
株式会社Project8,WEB・インターネット,
株式会社WACUL,ソフトウェア/ハードウェア開発,
株式会社f4samurai,ソフトウェア/ハードウェア開発,
株式会社みんかぶ　,ソフトウェア/ハードウェア開発,
株式会社アビックシステム,ソフトウェア/ハードウェア開発,
株式会社イー・シー・エス,ソフトウェア/ハードウェア開発,
株式会社ウイングプラス,ソフトウェア/ハードウェア開発,
株式会社エグゼクション,ソフトウェア/ハードウェア開発,
株式会社エルエスプランニング,マスコミ/広告/デザイン/ゲーム/エンターテイメント系,
株式会社エージェンテック,ソフトウェア/ハードウェア開発,
株式会社オプト,コンサルティング/専門サービス系,
株式会社クロスオーバー,コンサルティング/専門サービス系,
株式会社グローシステム,ソフトウェア/ハードウェア開発,
株式会社ザックス・エンターテインメント,ソフトウェア/ハードウェア開発,
株式会社システム・プラウド,システムインテグレータ,
株式会社セブントラスト,ソフトウェア/ハードウェア開発,
株式会社ソフネットソリューションズ,ソフトウェア/ハードウェア開発,
株式会社チェンジビジョン,ソフトウェア/ハードウェア開発,
株式会社トッカシステムズ,ソフトウェア/ハードウェア開発,
株式会社トーラス,ソフトウェア/ハードウェア開発,
株式会社ネットワーク21,コンサルティング/専門サービス系,
株式会社ハル研究所,ソフトウェア/ハードウェア開発,
株式会社ヒューメインシステム,ソフトウェア/ハードウェア開発,
株式会社プログデンス,ソフトウェア/ハードウェア開発,
株式会社メディエイド,医療・医薬,
株式会社レセント,ソフトウェア/ハードウェア開発,
株式会社北京大学天公システム,ソフトウェア/ハードウェア開発,
株式会社日宣,マスコミ/広告/デザイン/ゲーム/エンターテイメント系,
株式会社管理工学研究所,ソフトウェア/ハードウェア開発,
株式会社ＡＣＣＥＳＳ,ソフトウェア/ハードウェア開発,
株式会社ＩＩＪグローバルソリューションズ,コンサルティング/専門サービス系,
株式会社ｆ４ｓａｍｕｒａｉ,ソフトウェア/ハードウェア開発,
近代システムビューロー株式会社,ソフトウェア/ハードウェア開発,
株式会社リクルートコミュニケーションズ,自動車・運輸・輸送機器,
株式会社船井総研ホールディングス,マスコミ/広告/デザイン/ゲーム/エンターテイメント系,
株式会社カプコン,コンサルティング/専門サービス系,
株式会社テレワーク,マスコミ/広告/デザイン/ゲーム/エンターテイメント系,
株式会社ネクスト,サービス/外食/レジャー系,
株式会社本田技術研究所,WEB・インターネット,
エンワールド・ジャパン株式会社,自動車・運輸・輸送機器,
株式会社D2C,人材,
サインポスト株式会社,WEB・インターネット,
株式会社サン・プラニング・システムズ,ソフトウェア/ハードウェア開発,
株式会社中央損保鑑定,コンサルティング/専門サービス系,
株式会社テクノコア,ソフトウェア/ハードウェア開発,
株式会社ジャパンテクノシステム,ソフトウェア/ハードウェア開発,
株式会社マクロミル,シンクタンク・リサーチ・マーケティング,
株式会社システムライフ,IT/通信/インターネット系,
株式会社システム情報,ソフトウェア/ハードウェア開発,
リスクモンスター株式会社,コンサルティング/専門サービス系,
パナソニック　システムネットワークス株式会社,IT/通信/インターネット系,
東光商事株式会社,リース・クレジット・信販,
株式会社ブライセン,ソフトウェア/ハードウェア開発,
ウルシステムズ株式会社,WEB・インターネット,
株式会社アパレルウェブ,ソフトウェア/ハードウェア開発,
株式会社インテリジェントウェイブ,ソフトウェア/ハードウェア開発,
株式会社うるる,ソフトウェア/ハードウェア開発,
株式会社ラクス,WEB・インターネット,
ダイナテック株式会社,ソフトウェア/ハードウェア開発,
株式会社キッズ・コーポレーション,マスコミ/広告/デザイン/ゲーム/エンターテイメント系,
株式会社ヴォイエンシー,ソフトウェア/ハードウェア開発,
日本アイビーエム・ソリューション・サービス株式会社,ソフトウェア/ハードウェア開発,
日本アイ・ビー・エム株式会社,ソフトウェア/ハードウェア開発,
日鉄日立システムエンジニアリング株式会社,ソフトウェア/ハードウェア開発,
ダイヤモンドヘッド株式会社,ソフトウェア/ハードウェア開発,
恒和情報技研株式会社,ソフトウェア/ハードウェア開発,
株式会社ドワンゴ,WEB・インターネット,
さくらインターネット株式会社,IT/通信/インターネット系,
株式会社47CLUB,WEB・インターネット,
株式会社マイクロン,医療・医薬,
株式会社アクア,ソフトウェア/ハードウェア開発,
株式会社フロムスクラッチ,人材,
株式会社網屋,ソフトウェア/ハードウェア開発,
スペース・ソルバ株式会社,ソフトウェア/ハードウェア開発,
株式会社アイアクト,ソフトウェア/ハードウェア開発,
株式会社カミオ,メーカー/製造系,
株式会社鎌倉新書,サービス/外食/レジャー系,
株式会社アカツキ,ソフトウェア/ハードウェア開発,
株式会社インターワークス,ソフトウェア/ハードウェア開発,
レイシスソフトウエアーサービス株式会社,ソフトウェア/ハードウェア開発,
日本システムワープ株式会社,ソフトウェア/ハードウェア開発,
株式会社ハ・ン・ド,ソフトウェア/ハードウェア開発,
株式会社メディアネットワーク,ソフトウェア/ハードウェア開発,
株式会社エクセル・クリエイツ,ソフトウェア/ハードウェア開発,
アドバンスト・ビジネス・インターナショナル株式会社,ソフトウェア/ハードウェア開発,
ピセ株式会社,ソフトウェア/ハードウェア開発,
ネットイヤーグループ株式会社,コンサルティング/専門サービス系,
株式会社WEIC,ソフトウェア/ハードウェア開発,
株式会社ニジボックス,ソフトウェア/ハードウェア開発,
スターツファシリティーサービス株式会社,サービス/外食/レジャー系,
メディアファイブ株式会社,ソフトウェア/ハードウェア開発,
バルテス株式会社,サービス/外食/レジャー系,
ソフトブレーン株式会社,ソフトウェア/ハードウェア開発,
ティースリー株式会社,小売/流通/商社系,
株式会社テクノクリエイティブ,人材,
株式会社ナウプロダクション,エンターテイメント,
株式会社ネクソン,WEB・インターネット,
キャル株式会社,システムインテグレータ,
株式会社エーティ・プランニング,ソフトウェア/ハードウェア開発,
株式会社ミュートス,ソフトウェア/ハードウェア開発,
株式会社エヌアイデイ,ソフトウェア/ハードウェア開発,
株式会社フレクト,ソフトウェア/ハードウェア開発,
アスタミューゼ株式会社,WEB・インターネット,
株式会社マイクロ・シー・エー・デー,ソフトウェア/ハードウェア開発,
株式会社ロココ,人材,
株式会社デジック,ソフトウェア/ハードウェア開発,
株式会社モノビット,ソフトウェア/ハードウェア開発,
株式会社リンクバル,サービス/外食/レジャー系,
CLINKS株式会社,システムインテグレータ,
フリーダムアーキテクツデザイン株式会社,不動産/建設/設備系,
JPシステムソリューション株式会社,ソフトウェア/ハードウェア開発,
NEST有限会社,生命保険・損害保険,
UPWARD株式会社,ソフトウェア/ハードウェア開発,
エヌディーキューブ株式会社,ソフトウェア/ハードウェア開発,
エムシーエー株式会社,ソフトウェア/ハードウェア開発,
コベルコソフトサービス株式会社,ソフトウェア/ハードウェア開発,
シルバーレイクジャパン株式会社,ソフトウェア/ハードウェア開発,
フォーシー株式会社,ソフトウェア/ハードウェア開発,
株式会社GPC,コンサルティング/専門サービス系,
株式会社LainZ,コンサルティング/専門サービス系,
株式会社Rights,ソフトウェア/ハードウェア開発,
株式会社Ruby開発,ソフトウェア/ハードウェア開発,
株式会社アニー,ソフトウェア/ハードウェア開発,
株式会社ウイサーブ,ソフトウェア/ハードウェア開発,
株式会社キャネット,リース・クレジット・信販,
株式会社クオリティア,ソフトウェア/ハードウェア開発,
株式会社グレースインターナショナル,医療・医薬,
株式会社ジュピット,ソフトウェア/ハードウェア開発,
株式会社セブンドリーム,ソフトウェア/ハードウェア開発,
株式会社ニコシス,ソフトウェア/ハードウェア開発,
株式会社ネスト,ソフトウェア/ハードウェア開発,
株式会社ネットコンパス,ソフトウェア/ハードウェア開発,
株式会社日比谷テクノ,ソフトウェア/ハードウェア開発,
Ｍｉｒｏｋｕ　Ｗｅｂｃａｓｈ　Ｉｎｔｅｒｎａｔｉｏｎａｌ株式会社,コンサルティング/専門サービス系,
ＮＥＳＴ有限会社,生命保険・損害保険,
株式会社アズ,医療・医薬,
株式会社メタップス,医療・福祉・介護,
株式会社ジャストシステム,WEB・インターネット,
株式会社ネットリンクス,ソフトウェア/ハードウェア開発,
株式会社テクノウォーカー,ソフトウェア/ハードウェア開発,
株式会社アート・システム,ソフトウェア/ハードウェア開発,
株式会社ブレイン・ラボ,ソフトウェア/ハードウェア開発,
株式会社トライネット,ソフトウェア/ハードウェア開発,
株式会社じげん,ソフトウェア/ハードウェア開発,
ニフティ株式会社,WEB・インターネット,
株式会社アジル・ラボ,ソフトウェア/ハードウェア開発,
株式会社スクエアシステムズ,ソフトウェア/ハードウェア開発,
エヌアイシィ株式会社,WEB・インターネット,
株式会社ハンモック,ソフトウェア/ハードウェア開発,
株式会社ＫＤＤＩエボルバ,IT/通信/インターネット系,
株式会社東京システム技研,ソフトウェア/ハードウェア開発,
ラインズ株式会社,運輸/交通/物流/倉庫系,
株式会社豆蔵ホールディングス,システムインテグレータ,
株式会社GABA,教育,
テックファームホールディングス株式会社,ソフトウェア/ハードウェア開発,
株式会社JIEC,ソフトウェア/ハードウェア開発,
株式会社アスキング,ソフトウェア/ハードウェア開発,
コネクシオ株式会社,サービス/外食/レジャー系,
アクサス株式会社,小売/流通/商社系,
株式会社アオイ,ソフトウェア/ハードウェア開発,
株式会社エフォート,サービス/外食/レジャー系,
株式会社エム・エス・アイ,専門商社,
株式会社ジオコード,WEB・インターネット,
株式会社ＩＤＣフロンティア,IT/通信/インターネット系,
株式会社シーベース,ソフトウェア/ハードウェア開発,
株式会社オープンストリーム,ソフトウェア/ハードウェア開発,
横河レンタ・リース株式会社,不動産/建設/設備系,
兼松グランクス株式会社,ソフトウェア/ハードウェア開発,
株式会社たゆたう,ソフトウェア/ハードウェア開発,
ソフトバンク・テクノロジー株式会社,サービス/外食/レジャー系,
株式会社アグレックス,自動車・運輸・輸送機器,
グローバルナレッジネットワーク株式会社,コンサルティング/専門サービス系,
株式会社インタースペース,マスコミ/広告/デザイン/ゲーム/エンターテイメント系,
パスクリエイト株式会社,ソフトウェア/ハードウェア開発,
日清食品株式会社,食品・化粧品,
株式会社ディー・オー,ソフトウェア/ハードウェア開発,
株式会社FLASH PARK,通販・EC,
株式会社ＡＬＢＥＲＴ,ソフトウェア/ハードウェア開発,
株式会社シグナルベース,ソフトウェア/ハードウェア開発,
ヴァイタル・インフォメーション株式会社,ソフトウェア/ハードウェア開発,
株式会社S＆P,ソフトウェア/ハードウェア開発,
株式会社フォーサムアクティブ,ソフトウェア/ハードウェア開発,
株式会社ソニックムーブ,ソフトウェア/ハードウェア開発,
株式会社リイカ,マスコミ/広告/デザイン/ゲーム/エンターテイメント系,
ＴＩＳソリューションリンク株式会社,ソフトウェア/ハードウェア開発,
株式会社エイム・ソフト,ソフトウェア/ハードウェア開発,
株式会社エル・ティー・エス,コンサルティング/専門サービス系,
株式会社ニーズウェル,ソフトウェア/ハードウェア開発,
旺中科技株式会社,ソフトウェア/ハードウェア開発,
株式会社エジソン,ソフトウェア/ハードウェア開発,
株式会社セントメディア,人材,
株式会社セルシス,ソフトウェア/ハードウェア開発,
株式会社ニッセルワン,ソフトウェア/ハードウェア開発,
株式会社メディカル・コンシェルジュ,ソフトウェア/ハードウェア開発,
SBIトレードウィンテック株式会社,ソフトウェア/ハードウェア開発,
株式会社アドウェイズ,WEB・インターネット,
株式会社アドバンスドナレッジ研究所,ソフトウェア/ハードウェア開発,
TISソリューションリンク株式会社,ソフトウェア/ハードウェア開発,
インフォメーションサービスフォース株式会社,ソフトウェア/ハードウェア開発,
ゲンダイエージェンシー株式会社,マスコミ/広告/デザイン/ゲーム/エンターテイメント系,
株式会社マーズフラッグ,サービス/外食/レジャー系,
株式会社メディオテック,設備・プラント,
サンユー電子株式会社,総合電機,
株式会社アプリックス,ソフトウェア/ハードウェア開発,
株式会社バンク・オブ・イノベーション,サービス/外食/レジャー系,
株式会社ネットラーニングホールディングス,WEB・インターネット,
株式会社トライアンフコーポレーション,コンサルティング/専門サービス系,
株式会社MUGENUP,ソフトウェア/ハードウェア開発,
パーソルテクノロジースタッフ株式会社,人材,
株式会社gumi,マスコミ/広告/デザイン/ゲーム/エンターテイメント系,
Studio51株式会社,マスコミ/広告/デザイン/ゲーム/エンターテイメント系,
いきいき株式会社,マスコミ/広告/デザイン/ゲーム/エンターテイメント系,
イートライアル株式会社,医療・医薬,
コードキャンプ株式会社,ソフトウェア/ハードウェア開発,
テックファーム株式会社,ソフトウェア/ハードウェア開発,
ネイロ株式会社,ソフトウェア/ハードウェア開発,
パクテラ・テクノロジー・ジャパン株式会社,ソフトウェア/ハードウェア開発,
株式会社CISC,マスコミ/広告/デザイン/ゲーム/エンターテイメント系,
株式会社アウローラ,マスコミ/広告/デザイン/ゲーム/エンターテイメント系,
株式会社アシスト・ワン,ソフトウェア/ハードウェア開発,
株式会社アースシステムズラボラトリー,ソフトウェア/ハードウェア開発,
株式会社イノベーションネクスト,ソフトウェア/ハードウェア開発,
株式会社イルカ,マスコミ/広告/デザイン/ゲーム/エンターテイメント系,
株式会社エイチアイ,コンサルティング/専門サービス系,
株式会社エイリム,WEB・インターネット,
株式会社クロス・コミュニケーション,ソフトウェア/ハードウェア開発,
株式会社トラステック,ソフトウェア/ハードウェア開発,
株式会社ネクストスケープ,ソフトウェア/ハードウェア開発,
株式会社パソナテックシステムズ,ソフトウェア/ハードウェア開発,
株式会社ヒトクセ,IT/通信/インターネット系,
株式会社ビジョン・コンサルティング,コンサルティング/専門サービス系,
株式会社リンクイット,ソフトウェア/ハードウェア開発,
株式会社日本情報システムサービス,ソフトウェア/ハードウェア開発,
株式会社スクー,WEB・インターネット,
株式会社ビズリーチ,教育,
比較．ｃｏｍ株式会社,人材,
レバレジーズ株式会社,ソフトウェア/ハードウェア開発,
株式会社カナミックネットワーク,人材,
株式会社ディー・エヌ・エー,ソフトウェア/ハードウェア開発,
株式会社イグニス,WEB・インターネット,
GMO NIKKO株式会社,マスコミ/広告/デザイン/ゲーム/エンターテイメント系,
Sansan株式会社,マスコミ/広告/デザイン/ゲーム/エンターテイメント系,
Ｓａｎｓａｎ株式会社,WEB・インターネット,
株式会社エムフロ,サービス/外食/レジャー系,
トレンダーズ株式会社,ソフトウェア/ハードウェア開発,
株式会社Cygames,マスコミ/広告/デザイン/ゲーム/エンターテイメント系,
株式会社フォーイット,WEB・インターネット,
株式会社サイバーエージェント,WEB・インターネット,
株式会社ロフト,ソフトウェア/ハードウェア開発,
GMOインターネット株式会社,WEB・インターネット,
株式会社アピリッツ,ソフトウェア/ハードウェア開発,
株式会社コロプラ,WEB・インターネット,
ランサーズ株式会社,人材,
株式会社DMM.com ラボ,WEB・インターネット,
株式会社DMM.comラボ,WEB・インターネット,
ピクスタ株式会社,WEB・インターネット,
TDCソフトウェアエンジニアリング株式会社,システムインテグレータ,
クロス・ヘッド株式会社,ソフトウェア/ハードウェア開発,
ＴＤＣソフトウェアエンジニアリング株式会社,システムインテグレータ,
株式会社マイクロアド,マスコミ/広告/デザイン/ゲーム/エンターテイメント系,
株式会社インサイト,ソフトウェア/ハードウェア開発,
GMO TECH株式会社,サービス/外食/レジャー系,
ユナイテッド株式会社,コンサルティング/専門サービス系,
デジタル・アドバタイジング・コンソーシアム株式会社,マスコミ/広告/デザイン/ゲーム/エンターテイメント系,
株式会社ミサワ,住宅・建材・インテリア・エクステリア,
株式会社ダーツライブ,専門商社,
株式会社フロム・ソフトウェア,ソフトウェア/ハードウェア開発,
株式会社Aiming,マスコミ/広告/デザイン/ゲーム/エンターテイメント系,
ＧＭＯメディア株式会社,WEB・インターネット,
ピーシーフェーズ株式会社,ソフトウェア/ハードウェア開発,
株式会社Donuts,WEB・インターネット,
株式会社ロジックロジック,ソフトウェア/ハードウェア開発,
株式会社オウケイウェイヴ,ソフトウェア/ハードウェア開発,
株式会社バイタリフィ,WEB・インターネット,
株式会社プラットイーズ,コンサルティング/専門サービス系,
フリービット株式会社,WEB・インターネット,
株式会社フォーク,ソフトウェア/ハードウェア開発,
株式会社フォーデジット,WEB・インターネット,
株式会社ゲームオン,WEB・インターネット,
株式会社ファーンリッジ・ジャパン,ソフトウェア/ハードウェア開発,
GMOペイメントゲートウェイ株式会社,WEB・インターネット,
株式会社アプリボット,ソフトウェア/ハードウェア開発,
Rekoo Japan株式会社,ソフトウェア/ハードウェア開発,
ギークス株式会社,サービス/外食/レジャー系,
株式会社アイティーナビゲート,小売/流通/商社系,
株式会社サイバード,ソフトウェア/ハードウェア開発,
株式会社サンカクカンパニー,ソフトウェア/ハードウェア開発,
ピクシブ株式会社,ソフトウェア/ハードウェア開発,
株式会社アールピーシー,ソフトウェア/ハードウェア開発,
株式会社コメット,ソフトウェア/ハードウェア開発,
株式会社ダイアナ,専門商社,
株式会社トランザクション,ソフトウェア/ハードウェア開発,
GMOクラウド株式会社,IT/通信/インターネット系,
株式会社フルスピード,ソフトウェア/ハードウェア開発,
株式会社シイエヌエス,ソフトウェア/ハードウェア開発,
株式会社シーイーシー,ソフトウェア/ハードウェア開発,
株式会社ジークレスト,ソフトウェア/ハードウェア開発,
株式会社ティーガイア,専門商社,
株式会社グレンジ,ソフトウェア/ハードウェア開発,
株式会社ライトカフェ,ソフトウェア/ハードウェア開発,
フォートラベル株式会社,ソフトウェア/ハードウェア開発,
株式会社オールアバウト,サービス/外食/レジャー系,
ソニービズネットワークス株式会社,IT/通信/インターネット系,
メドピア株式会社,ソフトウェア/ハードウェア開発,
株式会社アヴァンザ,ソフトウェア/ハードウェア開発,
株式会社サンウェル,ソフトウェア/ハードウェア開発,
トレンドマイクロ株式会社,小売/流通/商社系,
日創工業株式会社,サービス/外食/レジャー系,
株式会社モデュレックス,総合電機,
株式会社ルミネクス,ソフトウェア/ハードウェア開発,
株式会社アイ・シー・シー,ソフトウェア/ハードウェア開発,
ソネットビジネスアソシエイツ株式会社,IT/通信/インターネット系,
株式会社アイシス,不動産/建設/設備系,
株式会社ネットマーケティング,マスコミ/広告/デザイン/ゲーム/エンターテイメント系,
GMOシステムコンサルティング株式会社,ソフトウェア/ハードウェア開発,
スタディプラス株式会社,人材,
株式会社LOWCAL,ソフトウェア/ハードウェア開発,
株式会社エッチアンドエスファッションデザインスタジオ,コンサルティング/専門サービス系,
株式会社富士山マガジンサービス,小売/流通/商社系,
ニスコム株式会社,ソフトウェア/ハードウェア開発,
株式会社インフォマージュ,サービス/外食/レジャー系,
株式会社バックスグループ,人材,
シリコンスタジオ株式会社,ソフトウェア/ハードウェア開発,
株式会社パナR&D,サービス/外食/レジャー系,
株式会社サムザップ,サービス/外食/レジャー系,
比較.com株式会社,ソフトウェア/ハードウェア開発,
株式会社オルトプラス,WEB・インターネット,
株式会社ボルテージ,ソフトウェア/ハードウェア開発,
Wano株式会社,マスコミ/広告/デザイン/ゲーム/エンターテイメント系,
アイザックシステムズ株式会社,ソフトウェア/ハードウェア開発,
サムライト株式会社,ソフトウェア/ハードウェア開発,
ミツバチワークス株式会社,ソフトウェア/ハードウェア開発,
ミントフラッグ株式会社,WEB・インターネット,
株式会社AS,ソフトウェア/ハードウェア開発,
株式会社AXES,リース・クレジット・信販,
株式会社BTM,ソフトウェア/ハードウェア開発,
株式会社CyberZ,マスコミ/広告/デザイン/ゲーム/エンターテイメント系,
株式会社GEMBA,マスコミ/広告/デザイン/ゲーム/エンターテイメント系,
株式会社SyncThought,ソフトウェア/ハードウェア開発,
株式会社エイトレッド,ソフトウェア/ハードウェア開発,
株式会社エンドレス,コンサルティング/専門サービス系,
株式会社クラウンジュエル,専門店,
株式会社ジーアングル,コンサルティング/専門サービス系,
株式会社ジークス,マスコミ/広告/デザイン/ゲーム/エンターテイメント系,
株式会社スカラ,コンサルティング/専門サービス系,
株式会社トクシス,マスコミ/広告/デザイン/ゲーム/エンターテイメント系,
株式会社ビジネストータルマネージメント,ソフトウェア/ハードウェア開発,
株式会社フォアロジック,ソフトウェア/ハードウェア開発,
株式会社フォトメ,ソフトウェア/ハードウェア開発,
株式会社フライトシステムコンサルティング,ソフトウェア/ハードウェア開発,
株式会社フンザ,WEB・インターネット,
株式会社ブイキューブロボティクス,ソフトウェア/ハードウェア開発,
株式会社ブリスウェル,ソフトウェア/ハードウェア開発,
株式会社プラットフォーム・ワン,WEB・インターネット,
株式会社メディアジーン,WEB・インターネット,
株式会社ユーザベース,ソフトウェア/ハードウェア開発,
株式会社リーデックス,ソフトウェア/ハードウェア開発,
株式会社レピダム,ソフトウェア/ハードウェア開発,
株式会社Ａ１テック,ソフトウェア/ハードウェア開発,
株式会社Ｂｅａｔ　Ｃｏｍｍｕｎｉｃａｔｉｏｎ,ソフトウェア/ハードウェア開発,
株式会社ＣｙｂｅｒＺ,マスコミ/広告/デザイン/ゲーム/エンターテイメント系,
株式会社ギガ,アパレル・日用品,
日本ウェブサービス株式会社,ソフトウェア/ハードウェア開発,
カコムス株式会社,ソフトウェア/ハードウェア開発,
フェンリル株式会社,ソフトウェア/ハードウェア開発,
グラビティ株式会社,ソフトウェア/ハードウェア開発,
株式会社キャピタル・アセット・プランニング,ソフトウェア/ハードウェア開発,
アマノ株式会社,ソフトウェア/ハードウェア開発,
株式会社アイ・パッション,設備・プラント,
株式会社D-design,マスコミ/広告/デザイン/ゲーム/エンターテイメント系,
プロアクシアコンサルティング株式会社,ソフトウェア/ハードウェア開発,
株式会社プロリード,ソフトウェア/ハードウェア開発,
株式会社ベネッセインフォシェル,ソフトウェア/ハードウェア開発,
株式会社信興テクノミスト,半導体・電子・電気機器,
ソニーモバイルコミュニケーションズ株式会社,ソフトウェア/ハードウェア開発,
アイビー・シスコム株式会社,IT/通信/インターネット系,
株式会社リブセンス,ソフトウェア/ハードウェア開発,
ホーチキ株式会社,WEB・インターネット,
コンピューターサイエンス株式会社,メーカー/製造系,
株式会社アークシステム,ソフトウェア/ハードウェア開発,
株式会社エム・フィールド,コンサルティング/専門サービス系,
日本精工株式会社,コンサルティング/専門サービス系,
フューチャーインスペース株式会社,マスコミ/広告/デザイン/ゲーム/エンターテイメント系,
株式会社ナノ・メディア,ソフトウェア/ハードウェア開発,
株式会社リンクテクノロジー,ソフトウェア/ハードウェア開発,
ＦｕｔｕｒｅＯｎｅ株式会社,ソフトウェア/ハードウェア開発,
システム・コンサルタンツ株式会社,ソフトウェア/ハードウェア開発,
ユナイテッド・シネマ株式会社,レジャー・アミューズメント・フィットネス,
株式会社ディレクタス,ソフトウェア/ハードウェア開発,
アズアンドコー株式会社,マスコミ/広告/デザイン/ゲーム/エンターテイメント系,
株式会社パートナー,サービス/外食/レジャー系,
マリンフーズ株式会社,食品・化粧品,
ｄＳＰＡＣＥ　Ｊａｐａｎ株式会社,専門商社,
コムチュア株式会社,システムインテグレータ,
株式会社フォーカスシステムズ,システムインテグレータ,
BEENOS株式会社,証券・投資銀行,
ＢＥＥＮＯＳ株式会社,証券・投資銀行,
カチシステムプロダクツ株式会社,ソフトウェア/ハードウェア開発,
株式会社クリエイトラボ,ソフトウェア/ハードウェア開発,
トーテックアメニティ株式会社,システムインテグレータ,
ジー・プラン株式会社,マスコミ/広告/デザイン/ゲーム/エンターテイメント系,
株式会社ティー・ワイ・オー,マスコミ/広告/デザイン/ゲーム/エンターテイメント系,
株式会社アーム,半導体・電子・電気機器,
ガイオ・テクノロジー株式会社,ソフトウェア/ハードウェア開発,
バイテックシステムエンジニアリング株式会社,ソフトウェア/ハードウェア開発,
株式会社T4C,ソフトウェア/ハードウェア開発,
株式会社ミマキエンジニアリング,メーカー/製造系,
UTグループ株式会社,人材,
アクロスロード株式会社,ソフトウェア/ハードウェア開発,
アディッシュ株式会社,WEB・インターネット,
サイボウズスタートアップス株式会社,ソフトウェア/ハードウェア開発,
タノシム株式会社,ソフトウェア/ハードウェア開発,
フューチャーアーキテクト株式会社,コンサルティング/専門サービス系,
ルビー・グループ株式会社,ソフトウェア/ハードウェア開発,
株式会社FLAMA,ソフトウェア/ハードウェア開発,
株式会社サイクレス,コンサルティング/専門サービス系,
株式会社ジュエルケースネット,ソフトウェア/ハードウェア開発,
株式会社ネットウォーカー,IT/通信/インターネット系,
株式会社フォースメディア,半導体・電子・電気機器,
株式会社ユニソフト,ソフトウェア/ハードウェア開発,
株式会社角川ゲームス,WEB・インターネット,
株式会社マイクロ・テクニカ,不動産/建設/設備系,
株式会社グルーヴ・ディレクション,ソフトウェア/ハードウェア開発,
株式会社セゾン情報システムズ,小売/流通/商社系,
株式会社システムコーディネイト,ソフトウェア/ハードウェア開発,
株式会社ウィナス,ソフトウェア/ハードウェア開発,
INEST株式会社,ソフトウェア/ハードウェア開発,
株式会社オプティム,専門商社,
株式会社テンダ,ソフトウェア/ハードウェア開発,
株式会社EPARK,ソフトウェア/ハードウェア開発,
株式会社アイ・エス・シー,ソフトウェア/ハードウェア開発,
アソビモ株式会社,マスコミ/広告/デザイン/ゲーム/エンターテイメント系,
株式会社アスクレップ,医療・医薬,
株式会社ATGS,ソフトウェア/ハードウェア開発,
スプリームシステム株式会社,ソフトウェア/ハードウェア開発,
再春館システム株式会社,ソフトウェア/ハードウェア開発,
株式会社コード,ソフトウェア/ハードウェア開発,
アイディアファクトリー株式会社,マスコミ/広告/デザイン/ゲーム/エンターテイメント系,
共同システム開発株式会社,ソフトウェア/ハードウェア開発,
日本融智株式会社,ソフトウェア/ハードウェア開発,
株式会社BRICKS and CLICKS,WEB・インターネット,
株式会社CEVOL,ソフトウェア/ハードウェア開発,
株式会社DOT,ソフトウェア/ハードウェア開発,
アルプスシステムインテグレーション株式会社,サービス/外食/レジャー系,
株式会社Pro-SPIRE,ソフトウェア/ハードウェア開発,
セザックス株式会社,ソフトウェア/ハードウェア開発,
日研トータルソーシング株式会社,マスコミ/広告/デザイン/ゲーム/エンターテイメント系,
株式会社デファクトスタンダード,人材,
ニッセイ情報テクノロジー株式会社,小売/流通/商社系,
株式会社ワンダーテクノス,ソフトウェア/ハードウェア開発,
株式会社シグナルトーク,IT/通信/インターネット系,
ケーディーアイコンズ株式会社,ソフトウェア/ハードウェア開発,
東京変圧器株式会社,総合電機,
株式会社クオーレ,ソフトウェア/ハードウェア開発,
株式会社サヤカ,メーカー/製造系,
株式会社システムデザイン研究所,マスコミ/広告/デザイン/ゲーム/エンターテイメント系,
株式会社ベストソリューションズ,ソフトウェア/ハードウェア開発,
株式会社リップル・マーク,ソフトウェア/ハードウェア開発,
株式会社マジックウェイ,マスコミ/広告/デザイン/ゲーム/エンターテイメント系,
株式会社マーベラス,システムインテグレータ,
株式会社リアルフューチャーズ,ソフトウェア/ハードウェア開発,
株式会社コアソフト,ソフトウェア/ハードウェア開発,
株式会社リンコム,ソフトウェア/ハードウェア開発,
株式会社サンユ情報システム,ソフトウェア/ハードウェア開発,
ＦＸＣ株式会社,ソフトウェア/ハードウェア開発,
岡三情報システム株式会社,専門商社,
有限会社ダテック,ソフトウェア/ハードウェア開発,
有限会社マスターピース,コンサルティング/専門サービス系,
株式会社ケネス,ソフトウェア/ハードウェア開発,
株式会社ブーム,ソフトウェア/ハードウェア開発,
株式会社プライムゲート,ソフトウェア/ハードウェア開発,
株式会社はせがわ,人材,
株式会社ギャラクシィ,小売/流通/商社系,
コミッションダイバー株式会社,ソフトウェア/ハードウェア開発,
株式会社ジェイメック,ソフトウェア/ハードウェア開発,
日本総合システム株式会社,小売/流通/商社系,
株式会社ミスミ,ソフトウェア/ハードウェア開発,
株式会社ビーアイメディカル,メーカー/製造系,
アプライドデザイン株式会社,医療・医薬,
チームラボ株式会社,ソフトウェア/ハードウェア開発,
株式会社アルファネット,ソフトウェア/ハードウェア開発,
株式会社テラサービス,ソフトウェア/ハードウェア開発,
株式会社オロ,ソフトウェア/ハードウェア開発,
株式会社ドリコム,ソフトウェア/ハードウェア開発,
株式会社ブイキューブ,ソフトウェア/ハードウェア開発,
株式会社イニス,ソフトウェア/ハードウェア開発,
株式会社ORATTA,ソフトウェア/ハードウェア開発,
株式会社ケイブ,ソフトウェア/ハードウェア開発,
システム・ロケーション株式会社,ソフトウェア/ハードウェア開発,
ネミー株式会社,ソフトウェア/ハードウェア開発,
ディライトワークス株式会社,住宅・建材・インテリア・エクステリア,
株式会社Nagisa,WEB・インターネット,
株式会社キャリアインデックス,ソフトウェア/ハードウェア開発,
株式会社ジャストコーズプロダクション,コンサルティング/専門サービス系,
株式会社三恵クリエス,ソフトウェア/ハードウェア開発,
株式会社ＩＴＩ,ソフトウェア/ハードウェア開発,
